{
    "user": [
        {
          "username": "kenpylov3",
          "password": "Cuong@123",
          "devices":
          [
              "0x007876EE",
              "0x007876EF"
          ]
        },
        {
          "username": "admin",
          "password": "admin",
          "devices":
          [
            {
          		"name": "may lanh",
          		"type": "may",
          		"image":"den.png"
            },
      			{
      			  "name": "quat may",
      			  "type": "quat",
      			  "image":"quat.png"
      			},
            {
      			  "name": "quat may",
      			  "type": "quat",
      			  "image":"quat.png"
      			},
            {
              "name": "quat may",
              "type": "quat",
              "image":"quat.png"
            },
            {
              "name": "quat may",
              "type": "quat",
              "image":"quat.png"
            },
            {
              "name": "quat may",
              "type": "quat",
              "image":"quat.png"
            },
            {
              "name": "quat may",
              "type": "quat",
              "image":"quat.png"
            },
            {
              "name": "quat may",
              "type": "quat",
              "image":"quat.png"
            },
            {
              "name": "quat may",
              "type": "quat",
              "image":"quat.png"
            },
            {
              "name": "quat may",
              "type": "quat",
              "image":"quat.png"
            },
            {
              "name": "quat may",
              "type": "quat",
              "image":"quat.png"
            },
            {
              "name": "quat may",
              "type": "quat",
              "image":"quat.png"
            },
            {
              "name": "quat may",
              "type": "quat",
              "image":"quat.png"
            }
          ]
        }
    ]
  }
